name;brand;article;url
6600142112C15.jpg;Zeekr;6600142112C15;
6600142416B03.jpg;Zeekr;6600142416B03;
6600142496.jpg;Zeekr;6600142496;
6600190563.jpg;Zeekr;6600190563;
6600190613.jpg;Zeekr;6600190613;
6600190817C16.jpg;Zeekr;6600190817C16;
6600198802 0.jpg;Zeekr;6600198802 0;
6600198805.jpg;Zeekr;6600198805;
6600201085BA3.jpg;Zeekr;6600201085BA3;
6600201104.jpg;Zeekr;6600201104;
6600201198SA6.jpg;Zeekr;6600201198SA6;
6600201201SA6.jpg;Zeekr;6600201201SA6;
6600209009B03.jpg;Zeekr;6600209009B03;
6600209066B03.jpg;Zeekr;6600209066B03;
6608024871.jpg;Zeekr;6608024871;
6608024872.jpg;Zeekr;6608024872;
6608024873.jpg;Zeekr;6608024873;
6608084965C90.jpg;Zeekr;6608084965C90;
6608087826C90.jpg;Zeekr;6608087826C90;
8889346244BA0.jpg;Zeekr;8889346244BA0;
8889346248BA0.jpg;Zeekr;8889346248BA0;
8889397823C.jpg;Zeekr;8889397823C;
8889647349.jpg;Zeekr;8889647349;
8889655546C15.jpg;Zeekr;8889655546C15;
8889663592C15.jpg;Zeekr;8889663592C15;
8889978753.jpg;Zeekr;8889978753;
8890024613.jpg;Zeekr;8890024613;
8890726505.jpg;Zeekr;8890726505;
8890798384.jpg;Zeekr;8890798384;
8890940577B03.jpg;Zeekr;8890940577B03;
8890949574B03.jpg;Zeekr;8890949574B03;
88911100569B03.jpg;Zeekr;88911100569B03;
8891663624.jpg;Zeekr;8891663624;
8891906357.jpg;Zeekr;8891906357;
8892102932.jpg;Zeekr;8892102932;
8892102937.jpg;Zeekr;8892102937;
8892278324.jpg;Zeekr;8892278324;
8892484625C16.jpg;Zeekr;8892484625C16;
8892499839C16.jpg;Zeekr;8892499839C16;
8892500452C.jpg;Zeekr;8892500452C;
8892500533C.jpg;Zeekr;8892500533C;
8892500549C16.jpg;Zeekr;8892500549C16;
8892908118.jpg;Zeekr;8892908118;
8894298681C16.jpg;Zeekr;8894298681C16;
